{"cameraMode":{"drawMode":0,"name":"Shaded","section":"Shading Mode"},"sceneLighting":true,"audioPlay":false,"sceneViewState":{"m_AlwaysRefresh":false,"showFog":true,"showSkybox":true,"showFlares":true,"showImageEffects":true,"showParticleSystems":true,"showVisualEffectGraphs":true,"m_FxEnabled":true},"in2DMode":false,"pivot":{"x":0.8176050782203674,"y":6.798807144165039,"z":-26.146657943725587},"rotation":{"x":-0.0752381980419159,"y":0.003587027546018362,"z":-0.0002702181809581816,"w":-0.9971625804901123},"size":8.288122177124024,"orthographic":false}